[{"stepId":"34508","data":{"sections":[{"0_34508":["heading_001:::"]},{"1_34508":["Field_tile:::","Event_tile:::","usecases_tile:::"]}],"blocks":[{"header_001_34511":["header_img:::","release_button:::","language_picker:::"]},{"footer_001_34512":["footer_label:::"]}]}},{"sequenceId":["Default_workflow_63624b3682f61200018b60fa"],"stepId":"34509","data":{"sections":[{"5_34509":["ceebit_capabilities_000001:::"]},{"10_34509":["field_tile:::","Events_tile:::","block_tile:::","Usecase_tile:::","condition_tile:::","progress_bar_tile:::"]},{"15_34509":[]}],"blocks":[{"header_001_34511":["header_img:::","release_button:::","language_picker:::"]},{"footer_001_34512":["footer_label:::"]}]}},{"sequenceId":["field-type-workflow_6368a426ba7f2d00017d379a"],"stepId":"34510","data":{"sections":[{"5_34510":["progressblock_000001:::"]},{"10_34510":["text_field_label_0000001:::","overvire_textfield_00002:::","overvire_textfield_00005:::","overvire_textfield_00001:::","overvire_textfield_00003:::","overvire_textfield_00004:::","textfield_00001:::","textfield_clear_button_00002:::","textfield_f:::","login_form_feature_001:::","usecase_gb:::","search_field_features:::","serach_field_0001:::"]},{"15_34510":["toc_0000001:::"]}],"blocks":[{"footer_001_34512":["footer_label:::"]},{"header_002_34514":["header-img:::","hamburgur_button:::","home_button:::","search_button:::","blank_0001:::","release_button_fields:::","lan_picker:::"]}]}},{"sequenceId":["Modal_63748b44ba7f2d00017d37a2"],"stepId":"34542","data":{"sections":[{"5_34542":["search_data:::","sech_btn_0000001:::"]}],"blocks":[]}},{"sequenceId":["Default_workflow_63624b3682f61200018b60fa"],"stepId":"34546","data":{"sections":[{"5_34546":["new_relese_heading_00001:::undefined","after_realese_heading_text:::undefined"]},{"15_34546":["repeatable_block_realishNote:::"]},{"20_34546":["toc_heading_00001:::","toc_list_00001:::"]}],"blocks":[{"footer_001_34512":["footer_label:::"]},{"header_002_34514":["header-img:::","hamburgur_button:::","home_button:::","search_button:::","blank_0001:::","release_button_fields:::","lan_picker:::"]}]}},{"sequenceId":["field-type-workflow_6368a426ba7f2d00017d379a"],"stepId":"34633","data":{"sections":[{"5_34633":["progressblock_txt_field:::"]},{"10_34633":["auto_cmplt_label_0000001:::","auto_cmplt_label:::","auto_cmplt_label_2:::","auto_comp_txt_field_1:::"]},{"15_34633":["toc_00000001_01:::"]}],"blocks":[{"footer_001_34512":["footer_label:::"]},{"header_002_34514":["header-img:::","hamburgur_button:::","home_button:::","search_button:::","blank_0001:::","release_button_fields:::","lan_picker:::"]}]}},{"sequenceId":["field-type-workflow_6368a426ba7f2d00017d379a"],"stepId":"34658","data":{"sections":[{"5_34658":["picker_progress_bar_generic_block_00001:::"]},{"10_34658":["picker_heading_00000001:::","picker_defination_00000001:::","picker_defination_00000002:::","picker_defination_00000003:::","picker_field_00000001:::","picker_field_00000002:::","picker_field_00000003:::","picker_field_00000004:::"]},{"15_34658":["table-of-content-picker-00000001:::"]}],"blocks":[{"footer_001_34512":["footer_label:::"]},{"header_002_34514":["header-img:::","hamburgur_button:::","home_button:::","search_button:::","blank_0001:::","release_button_fields:::","lan_picker:::"]}]}},{"sequenceId":["field-type-workflow_6368a426ba7f2d00017d379a"],"stepId":"34659","data":{"sections":[{"5_34659":["progressblock_txt_area:::"]},{"10_34659":["txt_area_label_0000001:::undefined","txt_area_label_1:::undefined","txt_area_label_2:::undefined","txt_area_label_3:::undefined","txt_area_1:::undefined"]},{"15_34659":["toc_00000001_01_1:::"]}],"blocks":[{"footer_001_34512":["footer_label:::"]},{"header_002_34514":["header-img:::","hamburgur_button:::","home_button:::","search_button:::","blank_0001:::","release_button_fields:::","lan_picker:::"]}]}},{"sequenceId":["field-type-workflow_6368a426ba7f2d00017d379a"],"stepId":"34680","data":{"sections":[{"5_34680":["peogressbar_checkbox_000001:::"]},{"10_34680":["checkbox_00001_label_heading:::undefined","checkbox_usecase_00001:::undefined","checkbox_usecase_00002:::undefined","checkbox_usecase_00003:::undefined","checkbox_usecase_00004:::undefined","checkbox_field_00000001:::","checkbox_field_00000002:::","checkbox_field_00000003:::","checkbox_field_00000004:::","checkbox_field_00000005:::"]},{"15_34680":["toc_00000001_checkbox_0001:::"]}],"blocks":[{"footer_001_34512":["footer_label:::"]},{"header_002_34514":["header-img:::","hamburgur_button:::","home_button:::","search_button:::","blank_0001:::","release_button_fields:::","lan_picker:::"]}]}},{"sequenceId":["field-type-workflow_6368a426ba7f2d00017d379a"],"stepId":"34695","data":{"sections":[{"5_34695":["progressblock_radio_btn:::"]},{"10_34695":["radio_btn_label_1:::","radio_btn_label_2:::undefined","radio_btn_label_3:::undefined","radio_btn_1:::"]},{"15_34695":["toc_00000001_1:::"]}],"blocks":[{"footer_001_34512":["footer_label:::"]},{"header_002_34514":["header-img:::","hamburgur_button:::","home_button:::","search_button:::","blank_0001:::","release_button_fields:::","lan_picker:::"]}]}},{"sequenceId":["field-type-workflow_6368a426ba7f2d00017d379a"],"stepId":"34703","data":{"sections":[{"5_34703":["progressblock_switch:::"]},{"10_34703":["switch_label_1:::undefined","switch_label_2:::undefined","switch_field_1:::undefined","switch_label_3:::"]},{"15_34703":[]}],"blocks":[{"footer_001_34512":["footer_label:::"]},{"header_002_34514":["header-img:::","hamburgur_button:::","home_button:::","search_button:::","blank_0001:::","release_button_fields:::","lan_picker:::"]}]}},{"sequenceId":["field-type-workflow_6368a426ba7f2d00017d379a"],"stepId":"34745","data":{"sections":[{"5_34745":["progressblock_date:::"]},{"10_34745":["date_label_1:::","date_label_2:::","date_field_1:::"]},{"15_34745":[]}],"blocks":[{"footer_001_34512":["footer_label:::"]},{"header_002_34514":["header-img:::","hamburgur_button:::","home_button:::","search_button:::","blank_0001:::","release_button_fields:::","lan_picker:::"]}]}},{"sequenceId":["field-type-workflow_6368a426ba7f2d00017d379a"],"stepId":"34826","data":{"sections":[{"5_34826":["progressblock_accordion:::"]},{"7_34826":["heading_accordion:::"]},{"10_34826":["accordion_label:::","static_accoridian_heading:::","accordion_field_static:::","label_accordian_within_accordian:::","accordianwithinaccordian_00001:::","dynamic_accordian_features:::","accordion_field_dynamic:::"]},{"20_34826":[]}],"blocks":[{"footer_001_34512":["footer_label:::"]},{"header_002_34514":["header-img:::","hamburgur_button:::","home_button:::","search_button:::","blank_0001:::","release_button_fields:::","lan_picker:::"]}]}},{"sequenceId":["field-type-workflow_6368a426ba7f2d00017d379a","field-type-workflow_6368a426ba7f2d00017d379a"],"stepId":"34955attachments","data":{"sections":[{"2_34955attachments":[]},{"5_34955attachments":[]},{"10_34955attachments":[]},{"15_34955attachments":[]}],"blocks":[{"footer_001_34512":["footer_label:::"]},{"header_002_34514":["header-img:::","hamburgur_button:::","home_button:::","search_button:::","blank_0001:::","release_button_fields:::","lan_picker:::"]}]}},{"sequenceId":["field-type-workflow_6368a426ba7f2d00017d379a"],"stepId":"34955attachmentsattachment_block","data":{"sections":[{"2_34955attachmentsattachment_block":["progressbar_0001attachmentsattachment_block:::"]},{"5_34955attachmentsattachment_block":["heading_00001attachmentsattachment_block:::"]},{"10_34955attachmentsattachment_block":[]},{"15_34955attachmentsattachment_block":[]}],"blocks":[{"footer_001_34512":["footer_label:::"]},{"header_002_34514":["header-img:::","hamburgur_button:::","home_button:::","search_button:::","blank_0001:::","release_button_fields:::","lan_picker:::"]}]}},{"sequenceId":["field-type-workflow_6368a426ba7f2d00017d379a","field-type-workflow_6368a426ba7f2d00017d379a"],"stepId":"34955button","data":{"sections":[{"0_34955button":["progressbar_0001button:::"]},{"5_34955button":["heading_00001button:::"]},{"10_34955button":["button_label_01:::","button_label_02:::"]},{"15_34955button":[]}],"blocks":[{"footer_001_34512":["footer_label:::"]},{"header_002_34514":["header-img:::","hamburgur_button:::","home_button:::","search_button:::","blank_0001:::","release_button_fields:::","lan_picker:::"]}]}},{"sequenceId":["field-type-workflow_6368a426ba7f2d00017d379a","field-type-workflow_6368a426ba7f2d00017d379a"],"stepId":"34955timepicker","data":{"sections":[{"2_34955timepicker":["progressbar_0001timepicker:::"]},{"5_34955timepicker":["heading_00001timepicker:::"]},{"10_34955timepicker":[]},{"20_34955timepicker":[]}],"blocks":[{"footer_001_34512":["footer_label:::"]},{"header_002_34514":["header-img:::","hamburgur_button:::","home_button:::","search_button:::","blank_0001:::","release_button_fields:::","lan_picker:::"]}]}},{"sequenceId":["field-type-workflow_6368a426ba7f2d00017d379a"],"stepId":"34955image","data":{"sections":[{"2_34955image":["progressbar_0001image:::"]},{"5_34955image":["heading_00001image:::"]},{"10_34955image":[]},{"20_34955image":[]}],"blocks":[{"footer_001_34512":["footer_label:::"]},{"header_002_34514":["header-img:::","hamburgur_button:::","home_button:::","search_button:::","blank_0001:::","release_button_fields:::","lan_picker:::"]}]}},{"sequenceId":["field-type-workflow_6368a426ba7f2d00017d379a"],"stepId":"34955timeslots","data":{"sections":[{"2_34955timeslots":["progressbar_0001timeslots:::"]},{"5_34955timeslots":["heading_00001timeslots:::"]},{"10_34955timeslots":[]},{"20_34955timeslots":[]}],"blocks":[{"footer_001_34512":["footer_label:::"]},{"header_002_34514":["header-img:::","hamburgur_button:::","home_button:::","search_button:::","blank_0001:::","release_button_fields:::","lan_picker:::"]}]}},{"sequenceId":["field-type-workflow_6368a426ba7f2d00017d379a","field-type-workflow_6368a426ba7f2d00017d379a"],"stepId":"34955carousal","data":{"sections":[{"2_34955carousal":["progressbar_0001carousal:::"]},{"5_34955carousal":["heading_00001carousal:::"]},{"10_34955carousal":[]},{"20_34955carousal":[]}],"blocks":[{"footer_001_34512":["footer_label:::"]},{"header_002_34514":["header-img:::","hamburgur_button:::","home_button:::","search_button:::","blank_0001:::","release_button_fields:::","lan_picker:::"]}]}},{"sequenceId":["field-type-workflow_6368a426ba7f2d00017d379a","field-type-workflow_6368a426ba7f2d00017d379a"],"stepId":"34955calender","data":{"sections":[{"0_34955calender":["progressbar_0001calender:::"]},{"5_34955calender":["heading_00001calender:::"]},{"10_34955calender":[]},{"15_34955calender":[]}],"blocks":[{"footer_001_34512":["footer_label:::"]},{"header_002_34514":["header-img:::","hamburgur_button:::","home_button:::","search_button:::","blank_0001:::","release_button_fields:::","lan_picker:::"]}]}},{"sequenceId":["field-type-workflow_6368a426ba7f2d00017d379a","field-type-workflow_6368a426ba7f2d00017d379a"],"stepId":"34955captcha","data":{"sections":[{"0_34955captcha":["progressbar_0001captcha:::"]},{"5_34955captcha":["heading_00001captcha:::"]},{"10_34955captcha":[]},{"15_34955captcha":[]}],"blocks":[{"footer_001_34512":["footer_label:::"]},{"header_002_34514":["header-img:::","hamburgur_button:::","home_button:::","search_button:::","blank_0001:::","release_button_fields:::","lan_picker:::"]}]}},{"sequenceId":["field-type-workflow_6368a426ba7f2d00017d379a"],"stepId":"34955phoneNumber","data":{"sections":[{"2_34955phoneNumber":["progressbar_0001phoneNumber:::"]},{"5_34955phoneNumber":["heading_00001phoneNumber:::"]},{"10_34955phoneNumber":[]},{"20_34955phoneNumber":[]}],"blocks":[{"footer_001_34512":["footer_label:::"]},{"header_002_34514":["header-img:::","hamburgur_button:::","home_button:::","search_button:::","blank_0001:::","release_button_fields:::","lan_picker:::"]}]}},{"sequenceId":["field-type-workflow_6368a426ba7f2d00017d379a","field-type-workflow_6368a426ba7f2d00017d379a"],"stepId":"34955charts","data":{"sections":[{"2_34955charts":["progressbar_0001charts:::"]},{"5_34955charts":["heading_00001charts:::"]},{"10_34955charts":[]},{"20_34955charts":[]}],"blocks":[{"footer_001_34512":["footer_label:::"]},{"header_002_34514":["header-img:::","hamburgur_button:::","home_button:::","search_button:::","blank_0001:::","release_button_fields:::","lan_picker:::"]}]}},{"sequenceId":["field-type-workflow_6368a426ba7f2d00017d379a"],"stepId":"34955lists","data":{"sections":[{"2_34955lists":["progressbar_0001lists:::"]},{"5_34955lists":["heading_00001lists:::"]},{"10_34955lists":[]},{"20_34955lists":[]}],"blocks":[{"footer_001_34512":["footer_label:::"]},{"header_002_34514":["header-img:::","hamburgur_button:::","home_button:::","search_button:::","blank_0001:::","release_button_fields:::","lan_picker:::"]}]}},{"sequenceId":["field-type-workflow_6368a426ba7f2d00017d379a"],"stepId":"34955tables","data":{"sections":[{"2_34955tables":["progressbar_0001tables:::"]},{"5_34955tables":["heading_00001tables:::"]},{"10_34955tables":[]},{"20_34955tables":[]}],"blocks":[{"footer_001_34512":["footer_label:::"]},{"header_002_34514":["header-img:::","hamburgur_button:::","home_button:::","search_button:::","blank_0001:::","release_button_fields:::","lan_picker:::"]}]}},{"sequenceId":["field-type-workflow_6368a426ba7f2d00017d379a"],"stepId":"34955genericBlock","data":{"sections":[{"2_34955genericBlock":["progressbar_0001genericBlock:::"]},{"5_34955genericBlock":["heading_00001genericBlock:::"]},{"10_34955genericBlock":[]},{"20_34955genericBlock":[]}],"blocks":[{"footer_001_34512":["footer_label:::"]},{"header_002_34514":["header-img:::","hamburgur_button:::","home_button:::","search_button:::","blank_0001:::","release_button_fields:::","lan_picker:::"]}]}},{"sequenceId":["field-type-workflow_6368a426ba7f2d00017d379a"],"stepId":"34955switch","data":{"sections":[{"2_34955switch":["progressbar_0001switch:::"]},{"5_34955switch":["heading_00001switch:::"]},{"10_34955switch":[]},{"20_34955switch":[]}],"blocks":[{"footer_001_34512":["footer_label:::"]},{"header_002_34514":["header-img:::","hamburgur_button:::","home_button:::","search_button:::","blank_0001:::","release_button_fields:::","lan_picker:::"]}]}},{"sequenceId":["field-type-workflow_6368a426ba7f2d00017d379a"],"stepId":"34955menu","data":{"sections":[{"2_34955menu":["progressbar_0001menu:::"]},{"5_34955menu":["heading_00001menu:::"]},{"10_34955menu":[]},{"20_34955menu":[]}],"blocks":[{"footer_001_34512":["footer_label:::"]},{"header_002_34514":["header-img:::","hamburgur_button:::","home_button:::","search_button:::","blank_0001:::","release_button_fields:::","lan_picker:::"]}]}},{"sequenceId":["field-type-workflow_6368a426ba7f2d00017d379a"],"stepId":"34955map","data":{"sections":[{"2_34955map":["progressbar_0001map:::"]},{"5_34955map":["heading_00001map:::"]},{"10_34955map":[]},{"20_34955map":[]}],"blocks":[{"footer_001_34512":["footer_label:::"]},{"header_002_34514":["header-img:::","hamburgur_button:::","home_button:::","search_button:::","blank_0001:::","release_button_fields:::","lan_picker:::"]}]}},{"sequenceId":["field-type-workflow_6368a426ba7f2d00017d379a"],"stepId":"34955toggleButton","data":{"sections":[{"2_34955toggleButton":["progressbar_0001toggleButton:::"]},{"5_34955toggleButton":["heading_00001toggleButton:::"]},{"10_34955toggleButton":[]},{"20_34955toggleButton":[]}],"blocks":[{"footer_001_34512":["footer_label:::"]},{"header_002_34514":["header-img:::","hamburgur_button:::","home_button:::","search_button:::","blank_0001:::","release_button_fields:::","lan_picker:::"]}]}},{"sequenceId":["field-type-workflow_6368a426ba7f2d00017d379a"],"stepId":"34955repeatable_block","data":{"sections":[{"2_34955repeatable_block":["progressbar_0001repeatable_block:::"]},{"5_34955repeatable_block":["heading_00001repeatable_block:::"]},{"10_34955repeatable_block":[]},{"20_34955repeatable_block":[]}],"blocks":[{"footer_001_34512":["footer_label:::"]},{"header_002_34514":["header-img:::","hamburgur_button:::","home_button:::","search_button:::","blank_0001:::","release_button_fields:::","lan_picker:::"]}]}},{"sequenceId":["field-type-workflow_6368a426ba7f2d00017d379a"],"stepId":"34955label","data":{"sections":[{"2_34955label":["progressbar_0001label:::"]},{"5_34955label":["heading_00001label:::"]},{"10_34955label":[]},{"20_34955label":[]}],"blocks":[{"footer_001_34512":["footer_label:::"]},{"header_002_34514":["header-img:::","hamburgur_button:::","home_button:::","search_button:::","blank_0001:::","release_button_fields:::","lan_picker:::"]}]}},{"sequenceId":["field-type-workflow_6368a426ba7f2d00017d379a"],"stepId":"34955treeView","data":{"sections":[{"2_34955treeView":["progressbar_0001treeView:::"]},{"5_34955treeView":["heading_00001treeView:::"]},{"10_34955treeView":[]},{"20_34955treeView":[]}],"blocks":[{"footer_001_34512":["footer_label:::"]},{"header_002_34514":["header-img:::","hamburgur_button:::","home_button:::","search_button:::","blank_0001:::","release_button_fields:::","lan_picker:::"]}]}},{"sequenceId":["field-type-workflow_6368a426ba7f2d00017d379a"],"stepId":"34955arcgis_Map","data":{"sections":[{"5_34955arcgis_Map":["progressbar_0001arcgis_Map:::"]},{"10_34955arcgis_Map":["heading_00001arcgis_Map:::"]},{"15_34955arcgis_Map":[]},{"20_34955arcgis_Map":[]}],"blocks":[{"footer_001_34512":["footer_label:::"]},{"header_002_34514":["header-img:::","hamburgur_button:::","home_button:::","search_button:::","blank_0001:::","release_button_fields:::","lan_picker:::"]}]}},{"sequenceId":["field-type-workflow_6368a426ba7f2d00017d379a"],"stepId":"34955tag","data":{"sections":[{"2_34955tag":["progressbar_0001tag:::"]},{"5_34955tag":["heading_00001tag:::"]},{"10_34955tag":[]},{"20_34955tag":[]}],"blocks":[{"footer_001_34512":["footer_label:::"]},{"header_002_34514":["header-img:::","hamburgur_button:::","home_button:::","search_button:::","blank_0001:::","release_button_fields:::","lan_picker:::"]}]}},{"sequenceId":["field-type-workflow_6368a426ba7f2d00017d379a"],"stepId":"34955tab","data":{"sections":[{"2_34955tab":["progressbar_0001tab:::"]},{"5_34955tab":["heading_00001tab:::"]},{"10_34955tab":["tab_header_01:::","tab_label_01:::","tab_label_02:::","tab_label_04:::","tab_label_03:::","tab_field_001:::"]},{"20_34955tab":[]}],"blocks":[{"footer_001_34512":["footer_label:::"]},{"header_002_34514":["header-img:::","hamburgur_button:::","home_button:::","search_button:::","blank_0001:::","release_button_fields:::","lan_picker:::"]}]}},{"sequenceId":["field-type-workflow_6368a426ba7f2d00017d379a"],"stepId":"34955next_previous","data":{"sections":[{"2_34955next_previous":["progressbar_0001next_previous:::"]},{"5_34955next_previous":["heading_00001next_previous:::"]},{"10_34955next_previous":[]},{"20_34955next_previous":[]}],"blocks":[{"footer_001_34512":["footer_label:::"]},{"header_002_34514":["header-img:::","hamburgur_button:::","home_button:::","search_button:::","blank_0001:::","release_button_fields:::","lan_picker:::"]}]}},{"sequenceId":["field-type-workflow_6368a426ba7f2d00017d379a"],"stepId":"34955","data":{"sections":[{"2_34955":["progressbar_0001:::"]},{"7_34955":["heading_00001:::"]},{"10_34955":[]},{"15_34955":[]}],"blocks":[{"footer_001_34512":["footer_label:::"]},{"header_002_34514":["header-img:::","hamburgur_button:::","home_button:::","search_button:::","blank_0001:::","release_button_fields:::","lan_picker:::"]}]}},{"sequenceId":["field-type-workflow_6368a426ba7f2d00017d379a"],"stepId":"35046","data":{"sections":[{"5_35046":["progressbar_0001attachments:::"]},{"10_35046":["heading_00001attachments:::"]},{"20_35046":["attachment_001_5:::","attachment_001:::","attachment_001_2:::"]},{"30_35046":[]}],"blocks":[{"footer_001_34512":["footer_label:::"]},{"header_002_34514":["header-img:::","hamburgur_button:::","home_button:::","search_button:::","blank_0001:::","release_button_fields:::","lan_picker:::"]}]}},{"sequenceId":["Default_workflow_63624b3682f61200018b60fa"],"stepId":"40375","data":{"sections":[{"5_40375":[]},{"10_40375":[]}],"blocks":[{"footer_001_34512":["footer_label:::"]},{"header_002_34514":["header-img:::","hamburgur_button:::","home_button:::","search_button:::","blank_0001:::","release_button_fields:::","lan_picker:::"]}]}}]