{"block_id":"accordion_dynamic_block_35086","block_name":"genericBlock","block_description":" ","block_fields":[{"field_class_name":"","possible_value_query":"","field_label":"","tooltip":"","validation_messages":[],"event_list":[],"is_conditional_value":0,"comment_character_limit":0,"camera_config":{"camera_mode":"","supported_orientation":"","is_retry_enabled":"false","capture_button_display_text":"","retry_button_display_text":"","ok_button_display_text":"","enable_auto_capture":"false","enable_edge_detection":"false","enable_autofocus":"false"},"attachment":["",""],"field_character_limit":0,"has_comment":0,"additional_parameters":[],"conditional_value":[],"custom_settings":{"Provider":"","signature_panel":""},"possible_value_type":"Options","request_api_key":"","seq":5,"response_api_key":"answer","menu_id":"","unique_id":"dynamic_body","link_config":[],"placeholder_text":"","is_editable":1,"is_mandatory":0,"mapConfig":{"datasource":"","mapProvider":"","mapMarkerImage":"","zoom":false,"pan":false,"defaultZoom":0,"mapLabelApiKey":"","mapLatitudeApiKey":"","mapLongitudeApiKey":"","mapInfoLabel":"","mapLayers":""},"mandatory_condition":{"condition":[],"query":""},"editable_condition":{"condition":[],"query":""},"validation_regex":"0","api_key":"","message_code":"","possible_values":[],"field_type":"label","possible_value_api":"","display_condition":{"condition":[],"query":""},"field_style":{"bootstrap_class_name":"accordion-field-dynamic-label","custom_class_name":"","field_assets":[]},"field_values":[{"value":"","display_type":"","result_condition":{"display_step":""}}],"is_display":1,"repeatable_block_configuration":{"linked_block_id":"none","add_more_field_id":"none","remove_field_id":"none","add_more_field_label":"","remove_field_label":"","no_of_allowed_blocks":0}}],"additional_parameters":[{"parameter_type":"user_role","value":"ANONYMOUS"}],"base_api_path":"","block_style":{"font_color":"","font_name":"","background_image":{"font_color":"","asset_status":""},"background_color":"","bootstrap_class_name":"col-12","custom_class_name":""},"conditional_mandatory":[{"condition":[],"query":""}],"conditional_visible":[{"condition":[],"query":""}],"conditional_editable":[{"condition":[],"query":""}],"events":[]}