{"tid":"34510","step_name":"Text Field","screen_name":"Text Field","step_api_url":"","description":"","display_as_modal":0,"dismiss_modal":0,"conditional":false,"section":[{"fields":[{"field_class_name":"col-12 ","possible_value_query":"","field_label":"","tooltip":"","validation_messages":[],"event_list":[],"is_conditional_value":0,"comment_character_limit":0,"camera_config":{"camera_mode":"","supported_orientation":"","is_retry_enabled":"false","capture_button_display_text":"","retry_button_display_text":"","ok_button_display_text":"","enable_auto_capture":"false","enable_edge_detection":"false","enable_autofocus":"false"},"attachment":["",""],"field_character_limit":0,"has_comment":0,"additional_parameters":[{"parameter_type":"ProgressBlockId","value":"field_type_progress_bar"}],"conditional_value":[],"custom_settings":{"Provider":"","signature_panel":""},"possible_value_type":"Options","request_api_key":"","seq":5,"response_api_key":"","menu_id":"","unique_id":"progressblock_000001","link_config":[],"placeholder_text":"","is_editable":1,"is_mandatory":0,"mapConfig":{"datasource":"","mapProvider":"","mapMarkerImage":"","zoom":false,"pan":false,"defaultZoom":0,"mapLabelApiKey":"","mapLatitudeApiKey":"","mapLongitudeApiKey":"","mapInfoLabel":"","mapLayers":""},"mandatory_condition":{"condition":[],"query":""},"editable_condition":{"condition":[],"query":""},"validation_regex":"","api_key":"","message_code":"","possible_values":[],"field_type":"Generic Block","possible_value_api":"","display_condition":{"condition":[],"query":""},"field_style":{"bootstrap_class_name":"col-12","custom_class_name":"progess-class","field_assets":[]},"field_values":[],"is_display":1,"repeatable_block_configuration":{"linked_block_id":"","add_more_field_id":"","remove_field_id":"","add_more_field_label":"","remove_field_label":"","no_of_allowed_blocks":0}}],"additional_parameters":[],"section_id":"5_34510","section_name":"Progress Bar Section","section_style":{"font_color":"","font_name":"","background_image":{"font_color":"","asset_status":""},"background_color":"","bootstrap_class_name":"progressbar progressbar-section","custom_class_name":"progressbar-wrapper"},"section_class_name":"","conditional_mandatory":[{"condition":[],"query":""}],"conditional_visible":[{"condition":[],"query":""}],"conditional_editable":[{"condition":[],"query":""}],"events":[]},{"fields":[{"field_class_name":"text-field-heading ","field_label":"Field Type: Text Field ","tooltip":"","validation_messages":[],"event_list":[],"is_conditional_value":0,"comment_character_limit":0,"camera_config":{},"attachment":[],"field_character_limit":0,"has_comment":0,"additional_parameters":[],"conditional_value":[],"custom_settings":{"Provider":"","signature_panel":""},"possible_value_type":"Options","request_api_key":"","seq":5,"response_api_key":"","menu_id":"","unique_id":"text_field_label_0000001","link_config":[],"placeholder_text":"","is_editable":1,"is_mandatory":0,"mapConfig":{"zoom":false,"pan":false,"defaultZoom":0},"mandatory_condition":{"condition":[],"query":""},"editable_condition":{"condition":[],"query":""},"validation_regex":"","api_key":"","message_code":"","possible_values":[],"field_type":"label","possible_value_api":"","display_condition":{"condition":[],"query":""},"field_style":{"bootstrap_class_name":" col-12  col-12  col-12  col-12  col-12  col-12  col-12 ","custom_class_name":"text-field-heading "},"field_values":[],"is_display":1,"repeatable_block_configuration":{}},{"field_class_name":"col-12 text-field-usecase ","field_label":" They typically appear in forms and dialogs","tooltip":"","validation_messages":[],"event_list":[],"is_conditional_value":0,"comment_character_limit":0,"camera_config":{},"attachment":[],"field_character_limit":0,"has_comment":0,"additional_parameters":[],"conditional_value":[],"custom_settings":{"Provider":"","signature_panel":""},"possible_value_type":"Options","request_api_key":"","seq":10,"response_api_key":"","menu_id":"","unique_id":"overvire_textfield_00002","link_config":[],"placeholder_text":"","is_editable":1,"is_mandatory":0,"mapConfig":{"zoom":false,"pan":false,"defaultZoom":0},"mandatory_condition":{"condition":[],"query":""},"editable_condition":{"condition":[],"query":""},"validation_regex":"","api_key":"","message_code":"","possible_values":[],"field_type":"label","possible_value_api":"","display_condition":{"condition":[],"query":""},"field_style":{"bootstrap_class_name":" col-12 text-field-usecase  col-12 text-field-usecase  col-12 text-field-usecase  col-12 text-field-usecase  col-12 text-field-usecase  col-12 text-field-usecase  col-12 text-field-usecase ","custom_class_name":""},"field_values":[],"is_display":1,"repeatable_block_configuration":{}},{"field_class_name":"col-12 text-field-usecase ","field_label":"We show it through Section wise so you can understand Better.","tooltip":"","validation_messages":[],"event_list":[],"is_conditional_value":0,"comment_character_limit":0,"camera_config":{},"attachment":[],"field_character_limit":0,"has_comment":0,"additional_parameters":[],"conditional_value":[],"custom_settings":{"Provider":"","signature_panel":""},"possible_value_type":"Options","request_api_key":"","seq":10,"response_api_key":"","menu_id":"","unique_id":"overvire_textfield_00005","link_config":[],"placeholder_text":"","is_editable":1,"is_mandatory":0,"mapConfig":{"zoom":false,"pan":false,"defaultZoom":0},"mandatory_condition":{"condition":[],"query":""},"editable_condition":{"condition":[],"query":""},"validation_regex":"","api_key":"","message_code":"","possible_values":[],"field_type":"label","possible_value_api":"","display_condition":{"condition":[],"query":""},"field_style":{"bootstrap_class_name":" col-12 text-field-usecase  col-12 text-field-usecase  col-12 text-field-usecase  col-12 text-field-usecase  col-12 text-field-usecase  col-12 text-field-usecase  col-12 text-field-usecase ","custom_class_name":""},"field_values":[],"is_display":1,"repeatable_block_configuration":{}},{"field_class_name":"col-12 text-field-usecase ","field_label":"Text fields allow users to enter text into a UI.","tooltip":"","validation_messages":[],"event_list":[],"is_conditional_value":0,"comment_character_limit":0,"camera_config":{},"attachment":[],"field_character_limit":0,"has_comment":0,"additional_parameters":[],"conditional_value":[],"custom_settings":{"Provider":"","signature_panel":""},"possible_value_type":"Options","request_api_key":"","seq":10,"response_api_key":"","menu_id":"","unique_id":"overvire_textfield_00001","link_config":[],"placeholder_text":"","is_editable":1,"is_mandatory":0,"mapConfig":{"zoom":false,"pan":false,"defaultZoom":0},"mandatory_condition":{"condition":[],"query":""},"editable_condition":{"condition":[],"query":""},"validation_regex":"","api_key":"","message_code":"","possible_values":[],"field_type":"label","possible_value_api":"","display_condition":{"condition":[],"query":""},"field_style":{"bootstrap_class_name":" col-12 text-field-usecase  col-12 text-field-usecase  col-12 text-field-usecase  col-12 text-field-usecase  col-12 text-field-usecase  col-12 text-field-usecase  col-12 text-field-usecase ","custom_class_name":""},"field_values":[],"is_display":1,"repeatable_block_configuration":{}},{"field_class_name":"col-12 text-field-usecase ","field_label":" Which allow users to create a text field, search field so user can use it properly","tooltip":"","validation_messages":[],"event_list":[],"is_conditional_value":0,"comment_character_limit":0,"camera_config":{},"attachment":[],"field_character_limit":0,"has_comment":0,"additional_parameters":[],"conditional_value":[],"custom_settings":{"Provider":"","signature_panel":""},"possible_value_type":"Options","request_api_key":"","seq":10,"response_api_key":"","menu_id":"","unique_id":"overvire_textfield_00003","link_config":[],"placeholder_text":"","is_editable":1,"is_mandatory":0,"mapConfig":{"zoom":false,"pan":false,"defaultZoom":0},"mandatory_condition":{"condition":[],"query":""},"editable_condition":{"condition":[],"query":""},"validation_regex":"","api_key":"","message_code":"","possible_values":[],"field_type":"label","possible_value_api":"","display_condition":{"condition":[],"query":""},"field_style":{"bootstrap_class_name":" col-12 text-field-usecase  col-12 text-field-usecase  col-12 text-field-usecase  col-12 text-field-usecase  col-12 text-field-usecase  col-12 text-field-usecase  col-12 text-field-usecase ","custom_class_name":""},"field_values":[],"is_display":1,"repeatable_block_configuration":{}},{"field_class_name":"col-12 text-field-usecase ","field_label":"This Section We Use Show the Text field’s related All Additional parameters and Events which can be configured as per project Requirement","tooltip":"","validation_messages":[],"event_list":[],"is_conditional_value":0,"comment_character_limit":0,"camera_config":{},"attachment":[],"field_character_limit":0,"has_comment":0,"additional_parameters":[],"conditional_value":[],"custom_settings":{"Provider":"","signature_panel":""},"possible_value_type":"Options","request_api_key":"","seq":10,"response_api_key":"","menu_id":"","unique_id":"overvire_textfield_00004","link_config":[],"placeholder_text":"","is_editable":1,"is_mandatory":0,"mapConfig":{"zoom":false,"pan":false,"defaultZoom":0},"mandatory_condition":{"condition":[],"query":""},"editable_condition":{"condition":[],"query":""},"validation_regex":"","api_key":"","message_code":"","possible_values":[],"field_type":"label","possible_value_api":"","display_condition":{"condition":[],"query":""},"field_style":{"bootstrap_class_name":" col-12 text-field-usecase  col-12 text-field-usecase  col-12 text-field-usecase  col-12 text-field-usecase  col-12 text-field-usecase  col-12 text-field-usecase  col-12 text-field-usecase ","custom_class_name":""},"field_values":[],"is_display":1,"repeatable_block_configuration":{}},{"field_class_name":"m-3 textfield-fields-with-value-ap col-5 textfields_class ","field_label":"<div><h6>Default Value</h6><p>default_value will pre populate the entered value on page load which we provide on Addtional parameter For this Feild We provide value \\”This is some text from default value parameter\\”</p><h6>Use Case:</h6></div>","tooltip":"Text field with default value additional parameter","validation_messages":[],"event_list":[],"is_conditional_value":0,"comment_character_limit":0,"camera_config":{},"attachment":[],"field_character_limit":0,"has_comment":0,"additional_parameters":[],"conditional_value":[],"custom_settings":{"Provider":"","signature_panel":""},"possible_value_type":"Options","request_api_key":"","seq":15,"response_api_key":"","menu_id":"","unique_id":"textfield_00001","link_config":[],"placeholder_text":"","is_editable":1,"is_mandatory":0,"mapConfig":{"zoom":false,"pan":false,"defaultZoom":0},"mandatory_condition":{"condition":[],"query":""},"editable_condition":{"condition":[],"query":""},"validation_regex":"","api_key":"","message_code":"","possible_values":[],"field_type":"Textfield","possible_value_api":"","display_condition":{"condition":[],"query":""},"field_style":{"bootstrap_class_name":"m-3 textfield-fields-with-value-ap  col-5 textfields_class   m-3 textfield-fields-with-value-ap col-5 textfields_class  m-3 textfield-fields-with-value-ap col-5 textfields_class  m-3 textfield-fields-with-value-ap col-5 textfields_class ","custom_class_name":""},"field_values":[],"is_display":1,"repeatable_block_configuration":{}},{"field_class_name":"textfield-fields-with-value-ap col-5 textfields_class m-3 ","field_label":"<div><h6>Clear Button</h6><p>ClearButton Used to show a clear icon (X) in textfield data type.when clicked on the clear button all text is cleared from the field which we provide on Additional Parameter</p><h6>Use Case:</h6></div>","tooltip":"Text field with default value additional parameter","validation_messages":[],"event_list":[],"is_conditional_value":0,"comment_character_limit":0,"camera_config":{},"attachment":[],"field_character_limit":0,"has_comment":0,"additional_parameters":[],"conditional_value":[],"custom_settings":{"Provider":"","signature_panel":""},"possible_value_type":"Options","request_api_key":"","seq":17,"response_api_key":"","menu_id":"","unique_id":"textfield_clear_button_00002","link_config":[],"placeholder_text":"","is_editable":1,"is_mandatory":0,"mapConfig":{"zoom":false,"pan":false,"defaultZoom":0},"mandatory_condition":{"condition":[],"query":""},"editable_condition":{"condition":[],"query":""},"validation_regex":"","api_key":"","message_code":"","possible_values":[],"field_type":"Textfield","possible_value_api":"","display_condition":{"condition":[],"query":""},"field_style":{"bootstrap_class_name":"textfield-fields-with-value-ap col-5 textfields_class m-3  textfield-fields-with-value-ap col-5 textfields_class m-3  textfield-fields-with-value-ap col-5 textfields_class m-3  textfield-fields-with-value-ap col-5 textfields_class m-3 ","custom_class_name":""},"field_values":[],"is_display":1,"repeatable_block_configuration":{}},{"field_class_name":"col-5 textfield-fields-with-value-ap textfields_class m-3 ","field_label":"<div><h6>Textfield Type and Button Label</h6><p>Used to configure a search button along with a text field which will be active when a certain character limit will be typed in the text field. </p><h6>Use Case:</h6></div>","tooltip":"","validation_messages":[],"event_list":[],"is_conditional_value":0,"comment_character_limit":0,"camera_config":{},"attachment":[],"field_character_limit":0,"has_comment":0,"additional_parameters":[],"conditional_value":[],"custom_settings":{"Provider":"","signature_panel":""},"possible_value_type":"Options","request_api_key":"","seq":20,"response_api_key":"","menu_id":"","unique_id":"textfield_f","link_config":[],"placeholder_text":"","is_editable":1,"is_mandatory":0,"mapConfig":{"zoom":false,"pan":false,"defaultZoom":0},"mandatory_condition":{"condition":[],"query":""},"editable_condition":{"condition":[],"query":""},"validation_regex":"","api_key":"","message_code":"","possible_values":[],"field_type":"Textfield","possible_value_api":"","display_condition":{"condition":[],"query":""},"field_style":{"bootstrap_class_name":"col-5 textfield-fields-with-value-ap textfields_class m-3  col-5 textfield-fields-with-value-ap textfields_class m-3  col-5 textfield-fields-with-value-ap textfields_class m-3  col-5 textfield-fields-with-value-ap textfields_class m-3 ","custom_class_name":""},"field_values":[],"is_display":1,"repeatable_block_configuration":{}},{"field_class_name":"","possible_value_query":"","field_label":"<h3>     A simple Login form </h3> <h4>     Used Features: </h4> <ul>     <li> A simple textfield to enter the user's email</li>     <li> A password field for the password input</li>     <li> A checkbox added</li>     <li> Button to submit the form</li>     <li> Used mandatory validations </li>     <li> check email formatting using email validation regex</li>     <li> check password formatting using password validation regex</li>     <li> added two additional parameters on that button to validate the mandatory and validation checks</li> </ul>","tooltip":"","validation_messages":[],"event_list":[],"is_conditional_value":0,"comment_character_limit":0,"camera_config":{"camera_mode":"","supported_orientation":"","is_retry_enabled":"false","capture_button_display_text":"","retry_button_display_text":"","ok_button_display_text":"","enable_auto_capture":"false","enable_edge_detection":"false","enable_autofocus":"false"},"attachment":["",""],"field_character_limit":0,"has_comment":0,"additional_parameters":[],"conditional_value":[],"custom_settings":{"Provider":"","signature_panel":""},"possible_value_type":"Options","request_api_key":"","seq":25,"response_api_key":"","menu_id":"","unique_id":"login_form_feature_001","link_config":[],"placeholder_text":"","is_editable":1,"is_mandatory":0,"mapConfig":{"datasource":"","mapProvider":"","mapMarkerImage":"","zoom":false,"pan":false,"defaultZoom":0,"mapLabelApiKey":"","mapLatitudeApiKey":"","mapLongitudeApiKey":"","mapInfoLabel":"","mapLayers":""},"mandatory_condition":{"condition":[],"query":""},"editable_condition":{"condition":[],"query":""},"validation_regex":"","api_key":"","possible_values":[],"field_type":"label","possible_value_api":"","display_condition":{"condition":[],"query":""},"field_style":{"bootstrap_class_name":"col-12 login-form-features-class","custom_class_name":"","field_assets":[]},"field_values":[{"value":"","display_type":"","result_condition":{"display_step":""}}],"is_display":1,"repeatable_block_configuration":{"linked_block_id":"none","add_more_field_id":"none","remove_field_id":"none","add_more_field_label":"","remove_field_label":"","no_of_allowed_blocks":0}},{"field_class_name":"col-12 user_case ","possible_value_query":"","field_label":"","tooltip":"","validation_messages":[],"event_list":[],"is_conditional_value":0,"comment_character_limit":0,"camera_config":{"camera_mode":"","supported_orientation":"","is_retry_enabled":"false","capture_button_display_text":"","retry_button_display_text":"","ok_button_display_text":"","enable_auto_capture":"false","enable_edge_detection":"false","enable_autofocus":"false"},"attachment":["",""],"field_character_limit":0,"has_comment":0,"additional_parameters":[{"parameter_type":"default_value","value":"login_fields usecase_40372"}],"conditional_value":[],"custom_settings":{"Provider":"","signature_panel":""},"possible_value_type":"Options","request_api_key":"","seq":30,"response_api_key":"","menu_id":"","unique_id":"usecase_gb","link_config":[],"placeholder_text":"","is_editable":1,"is_mandatory":0,"mapConfig":{"datasource":"","mapProvider":"","mapMarkerImage":"","zoom":false,"pan":false,"defaultZoom":0,"mapLabelApiKey":"","mapLatitudeApiKey":"","mapLongitudeApiKey":"","mapInfoLabel":"","mapLayers":""},"mandatory_condition":{"condition":[],"query":""},"editable_condition":{"condition":[],"query":""},"validation_regex":"","api_key":"","message_code":"","possible_values":[],"field_type":"Generic Block","possible_value_api":"","display_condition":{"condition":[],"query":""},"field_style":{"bootstrap_class_name":"block-login-form-usecase col-12","custom_class_name":"","field_assets":[]},"field_values":[],"is_display":1,"repeatable_block_configuration":{"linked_block_id":"","add_more_field_id":"","remove_field_id":"","add_more_field_label":"","remove_field_label":"","no_of_allowed_blocks":0}},{"field_class_name":"","possible_value_query":"","field_label":"<h3>     A simple Search field </h3> <h4>     Used Features: </h4> <ul>     <li> A simple textfield</li>     <li> added four additional parameters: </li>     <li>    textfield type to make it a search field </li>     <li>   Buttonlabel to add a button </li>     <li>   characterlimit to set minimum characters to enable the button </li>     <li>   clearButton to clear the text of that field </li>     <li> click event to invoke an API on click</li> </ul>","tooltip":"","validation_messages":[],"event_list":[],"is_conditional_value":0,"comment_character_limit":0,"camera_config":{"camera_mode":"","supported_orientation":"","is_retry_enabled":"false","capture_button_display_text":"","retry_button_display_text":"","ok_button_display_text":"","enable_auto_capture":"false","enable_edge_detection":"false","enable_autofocus":"false"},"attachment":["",""],"field_character_limit":0,"has_comment":0,"additional_parameters":[],"conditional_value":[],"custom_settings":{"Provider":"","signature_panel":""},"possible_value_type":"Options","request_api_key":"","seq":35,"response_api_key":"","menu_id":"","unique_id":"search_field_features","link_config":[],"placeholder_text":"","is_editable":1,"is_mandatory":0,"mapConfig":{"datasource":"","mapProvider":"","mapMarkerImage":"","zoom":false,"pan":false,"defaultZoom":0,"mapLabelApiKey":"","mapLatitudeApiKey":"","mapLongitudeApiKey":"","mapInfoLabel":"","mapLayers":""},"mandatory_condition":{"condition":[],"query":""},"editable_condition":{"condition":[],"query":""},"validation_regex":"0","api_key":"","possible_values":[],"field_type":"label","possible_value_api":"","display_condition":{"condition":[],"query":""},"field_style":{"bootstrap_class_name":"col-12 search-field-features-class","custom_class_name":"","field_assets":[]},"field_values":[{"value":"","display_type":"","result_condition":{"display_step":""}}],"is_display":1,"repeatable_block_configuration":{"linked_block_id":"none","add_more_field_id":"none","remove_field_id":"none","add_more_field_label":"","remove_field_label":"","no_of_allowed_blocks":0}},{"field_class_name":"","possible_value_query":"","field_label":"Search data","tooltip":"","validation_messages":[],"event_list":[{"event_id":"serach_field_0001_40389","event_params":[{"condition":[],"query":"","library_id":"","event_handler":"serachFieldData","event_config":{"display_step":"InvokeAPI"},"invoke_event_config":{"additional_parameters":[],"callback_config":{}}}],"display_type":"Framework","event_name":"OnClick","isDefault":true,"next_event_id":""}],"is_conditional_value":0,"comment_character_limit":0,"camera_config":{"camera_mode":"","supported_orientation":"","is_retry_enabled":"false","capture_button_display_text":"","retry_button_display_text":"","ok_button_display_text":"","enable_auto_capture":"false","enable_edge_detection":"false","enable_autofocus":"false"},"attachment":["",""],"field_character_limit":0,"has_comment":0,"additional_parameters":[{"parameter_type":"Textfield Type","value":"Search"},{"parameter_type":"Button Label","value":"Search"},{"parameter_type":"Character Limit","value":"3"},{"parameter_type":"ClearButton","value":"x"}],"conditional_value":[],"custom_settings":{"Provider":"","signature_panel":""},"possible_value_type":"Options","request_api_key":"","seq":40,"response_api_key":"","menu_id":"","unique_id":"serach_field_0001","link_config":[],"placeholder_text":"Search.....","is_editable":1,"is_mandatory":0,"mapConfig":{"datasource":"","mapProvider":"","mapMarkerImage":"","zoom":false,"pan":false,"defaultZoom":0,"mapLabelApiKey":"","mapLatitudeApiKey":"","mapLongitudeApiKey":"","mapInfoLabel":"","mapLayers":""},"mandatory_condition":{"condition":[],"query":""},"editable_condition":{"condition":[],"query":""},"validation_regex":"","api_key":"","message_code":"","possible_values":[],"field_type":"Textfield","possible_value_api":"","display_condition":{"condition":[],"query":""},"field_style":{"bootstrap_class_name":"col-12 search-field","custom_class_name":"col-6","field_assets":[]},"field_values":[{"value":"","display_type":"","result_condition":{"display_step":""}}],"is_display":1,"repeatable_block_configuration":{"linked_block_id":"none","add_more_field_id":"none","remove_field_id":"none","add_more_field_label":"","remove_field_label":"","no_of_allowed_blocks":0}}],"additional_parameters":[],"section_id":"10_34510","section_name":"Content Section","section_style":{"font_color":"","font_name":"","background_image":{"font_color":"","asset_status":""},"background_color":"","bootstrap_class_name":"body-second","custom_class_name":"body-second_wrapper"},"section_class_name":"","conditional_mandatory":[{"condition":[],"query":""}],"conditional_visible":[{"condition":[],"query":""}],"conditional_editable":[{"condition":[],"query":""}],"events":[]},{"fields":[{"field_class_name":"col-12 ","possible_value_query":"","field_label":"","tooltip":"","validation_messages":[],"event_list":[],"is_conditional_value":0,"comment_character_limit":0,"camera_config":{"camera_mode":"","supported_orientation":"","is_retry_enabled":"false","capture_button_display_text":"","retry_button_display_text":"","ok_button_display_text":"","enable_auto_capture":"false","enable_edge_detection":"false","enable_autofocus":"false"},"attachment":["",""],"field_character_limit":0,"has_comment":0,"additional_parameters":[],"conditional_value":[],"custom_settings":{"Provider":"","signature_panel":""},"possible_value_type":"Options","request_api_key":"","seq":5,"response_api_key":"","menu_id":"","unique_id":"toc_0000001","link_config":[],"placeholder_text":"","is_editable":1,"is_mandatory":0,"mapConfig":{"datasource":"","mapProvider":"","mapMarkerImage":"","zoom":false,"pan":false,"defaultZoom":0,"mapLabelApiKey":"","mapLatitudeApiKey":"","mapLongitudeApiKey":"","mapInfoLabel":"","mapLayers":""},"mandatory_condition":{"condition":[],"query":""},"editable_condition":{"condition":[],"query":""},"validation_regex":"","api_key":"","message_code":"","possible_values":[],"field_type":"Generic Block","possible_value_api":"","display_condition":{"condition":[],"query":""},"field_style":{"bootstrap_class_name":"col-12","custom_class_name":"table-of-content ","field_assets":[]},"field_values":[],"is_display":1,"repeatable_block_configuration":{"linked_block_id":"","add_more_field_id":"","remove_field_id":"","add_more_field_label":"","remove_field_label":"","no_of_allowed_blocks":0}}],"additional_parameters":[],"section_id":"15_34510","section_name":"Table of Content Section","section_style":{"font_color":"","font_name":"","background_image":{"font_color":"","asset_status":""},"background_color":"","bootstrap_class_name":"right-first-section","custom_class_name":"boby-section-wrapper"},"section_class_name":"","conditional_mandatory":[{"condition":[],"query":""}],"conditional_visible":[{"condition":[],"query":""}],"conditional_editable":[{"condition":[],"query":""}],"events":[]}],"step_action":{"message_code":"","additional_parameters":[{"parameter_type":"stepBlocks","value":"header_002_34514|footer_001_34512"}]},"event_list":[],"step_style":{"background_color":"","background_image":{"path":"","asset_status":""},"resolution_unit":"","step_height":"","step_width":"","font_size":"","font_style":"","font_name":"","font_color":"","bootstrap_class_name":"","custom_class_name":"","header_footer_styling":{"header_view_description":{"desc":""},"footer_view_description":{"desc":""}}},"template":[],"dependency_condition":{"condition":[],"query":""},"meta_title":"","meta_description":""}