{"tid":"35046","step_name":"Attachments Step","screen_name":"Attachments Step","step_api_url":"","description":"","display_as_modal":0,"dismiss_modal":0,"conditional":false,"section":[{"fields":[{"field_class_name":"","possible_value_query":"","field_label":"ProgressBar","tooltip":"","validation_messages":[],"event_list":[],"is_conditional_value":0,"comment_character_limit":0,"camera_config":{"camera_mode":"","supported_orientation":"","is_retry_enabled":"false","capture_button_display_text":"","retry_button_display_text":"","ok_button_display_text":"","enable_auto_capture":"false","enable_edge_detection":"false","enable_autofocus":"false"},"attachment":["",""],"field_character_limit":0,"has_comment":0,"additional_parameters":[{"parameter_type":"ProgressBlockId","value":"field_type_progress_bar"}],"conditional_value":[],"custom_settings":{"Provider":"","signature_panel":""},"possible_value_type":"Options","request_api_key":"","seq":0,"response_api_key":"","menu_id":"","unique_id":"progressbar_0001attachments","link_config":[],"placeholder_text":"","is_editable":1,"is_mandatory":0,"mapConfig":{"datasource":"","mapProvider":"","mapMarkerImage":"","zoom":false,"pan":false,"defaultZoom":0,"mapLabelApiKey":"","mapLatitudeApiKey":"","mapLongitudeApiKey":"","mapInfoLabel":"","mapLayers":""},"mandatory_condition":{"condition":[],"query":""},"editable_condition":{"condition":[],"query":""},"validation_regex":"","api_key":"","message_code":"","possible_values":[],"field_type":"Generic Block","possible_value_api":"","display_condition":{"condition":[],"query":""},"field_style":{"bootstrap_class_name":"col-12","custom_class_name":"progess-class col-12","field_assets":[]},"field_values":[{"value":"","display_type":"","result_condition":{"display_step":""}}],"is_display":1,"repeatable_block_configuration":{"linked_block_id":"none","add_more_field_id":"none","remove_field_id":"none","add_more_field_label":"","remove_field_label":"","no_of_allowed_blocks":0}}],"additional_parameters":[],"section_id":"5_35046","base_api_path":"","section_name":"section progressbar","section_style":{"font_color":"","font_name":"","background_image":{"font_color":"","asset_status":""},"background_color":"","bootstrap_class_name":"progressbar progressbar-section","custom_class_name":"progressbar-wrapper"},"section_class_name":"","conditional_mandatory":[{"condition":[],"query":""}],"conditional_visible":[{"condition":[],"query":""}],"conditional_editable":[{"condition":[],"query":""}],"events":[]},{"fields":[{"field_class_name":"","possible_value_query":"","field_label":"Attachments","tooltip":"","validation_messages":[],"event_list":[],"is_conditional_value":0,"comment_character_limit":0,"camera_config":{"camera_mode":"","supported_orientation":"","is_retry_enabled":"false","capture_button_display_text":"","retry_button_display_text":"","ok_button_display_text":"","enable_auto_capture":"false","enable_edge_detection":"false","enable_autofocus":"false"},"attachment":["",""],"field_character_limit":0,"has_comment":0,"additional_parameters":[],"conditional_value":[],"custom_settings":{"Provider":"","signature_panel":""},"possible_value_type":"Options","request_api_key":"","seq":0,"response_api_key":"","menu_id":"","unique_id":"heading_00001attachments","link_config":[],"placeholder_text":"","is_editable":1,"is_mandatory":0,"mapConfig":{"datasource":"","mapProvider":"","mapMarkerImage":"","zoom":false,"pan":false,"defaultZoom":0,"mapLabelApiKey":"","mapLatitudeApiKey":"","mapLongitudeApiKey":"","mapInfoLabel":"","mapLayers":""},"mandatory_condition":{"condition":[],"query":""},"editable_condition":{"condition":[],"query":""},"validation_regex":"","api_key":"","message_code":"","possible_values":[],"field_type":"label","possible_value_api":"","display_condition":{"condition":[],"query":""},"field_style":{"bootstrap_class_name":"page-heading col-12","custom_class_name":"","field_assets":[]},"field_values":[{"value":"","display_type":"","result_condition":{"display_step":""}}],"is_display":1,"repeatable_block_configuration":{"linked_block_id":"none","add_more_field_id":"none","remove_field_id":"none","add_more_field_label":"","remove_field_label":"","no_of_allowed_blocks":0}}],"additional_parameters":[],"section_id":"10_35046","base_api_path":"","section_name":"heading","section_style":{"font_color":"","font_name":"","background_image":{"font_color":"","asset_status":""},"background_color":"","bootstrap_class_name":"Heading-section","custom_class_name":"heading-wrapper"},"section_class_name":"","conditional_mandatory":[{"condition":[],"query":""}],"conditional_visible":[{"condition":[],"query":""}],"conditional_editable":[{"condition":[],"query":""}],"events":[]},{"fields":[{"field_class_name":"","possible_value_query":"","field_label":"Attachment ","tooltip":"","validation_messages":[{"type":"file_type","conditions":[],"query":"","display_type":"INLINE","message_code":"attachment_file_not_match"},{"type":"total_file_size","conditions":[],"query":"","display_type":"INLINE","message_code":"file_size_is_big"}],"event_list":[],"is_conditional_value":0,"comment_character_limit":0,"camera_config":{"camera_mode":"","supported_orientation":"","is_retry_enabled":"false","capture_button_display_text":"","retry_button_display_text":"","ok_button_display_text":"","enable_auto_capture":"false","enable_edge_detection":"false","enable_autofocus":"false"},"attachment":["",""],"field_character_limit":0,"has_comment":0,"additional_parameters":[{"parameter_type":"PromptDelete","value":"Are you sure want to delete File"},{"parameter_type":"PromptReplace","value":"are you sure want to replace your Field!"},{"parameter_type":"upload_label","value":"Upload"},{"parameter_type":"replace_label","value":"Replace"},{"parameter_type":"singleUploader","value":"true"},{"parameter_type":"selectFileText","value":"Please Select a File"},{"parameter_type":"download_label","value":"Download"},{"parameter_type":"preview_label","value":"View"},{"parameter_type":"remove_label","value":"Delete"}],"conditional_value":[],"custom_settings":{"Provider":"","signature_panel":""},"possible_value_type":"Options","request_api_key":"","seq":0,"response_api_key":"","menu_id":"","unique_id":"attachment_001_5","link_config":[],"placeholder_text":"","is_editable":1,"is_mandatory":0,"mapConfig":{"datasource":"","mapProvider":"","mapMarkerImage":"","zoom":false,"pan":false,"defaultZoom":0,"mapLabelApiKey":"","mapLatitudeApiKey":"","mapLongitudeApiKey":"","mapInfoLabel":"","mapLayers":""},"mandatory_condition":{"condition":[],"query":""},"editable_condition":{"condition":[],"query":""},"validation_regex":"","api_key":"","message_code":"","possible_values":["image/jpeg||1000|1|true|false","image/jpg||1000|1|true|false","image/png||2000|1|true|false"],"field_type":"Attachments","possible_value_api":"","display_condition":{"condition":[],"query":""},"field_style":{"bootstrap_class_name":"attachment-one col-6","custom_class_name":"","field_assets":[]},"field_values":[{"value":"","display_type":"","result_condition":{"display_step":""}}],"is_display":1,"repeatable_block_configuration":{"linked_block_id":"none","add_more_field_id":"none","remove_field_id":"none","add_more_field_label":"","remove_field_label":"","no_of_allowed_blocks":0}},{"field_class_name":"","possible_value_query":"","field_label":"Attachment ","tooltip":"","validation_messages":[{"type":"file_type","conditions":[],"query":"","display_type":"INLINE","message_code":"attachment_file_not_match"},{"type":"total_file_size","conditions":[],"query":"","display_type":"INLINE","message_code":"file_size_is_big"}],"event_list":[{"event_id":"attachment_001_upload_34997","event_params":[{"condition":[],"query":"","library_id":"","event_handler":"attachment/upload","event_config":{"display_step":"InvokeAPI"},"invoke_event_config":{"additional_parameters":[],"callback_config":{}}}],"display_type":"Framework","event_name":"OnUpload","isDefault":false,"next_event_id":""},{"event_id":"attachment_001_preview_34998","event_params":[{"condition":[],"query":"","library_id":"","event_handler":"attachment/view","event_config":{"display_step":"InvokeAPI"},"invoke_event_config":{"additional_parameters":[],"callback_config":{}}}],"display_type":"Framework","event_name":"OnPreview","isDefault":false,"next_event_id":""},{"event_id":"delete_attachment_001_34999","event_params":[{"condition":[],"query":"","library_id":"","event_handler":"attachment/delete","event_config":{"display_step":"InvokeAPI"},"invoke_event_config":{"additional_parameters":[],"callback_config":{}}}],"display_type":"Framework","event_name":"OnRemove","isDefault":false,"next_event_id":""}],"is_conditional_value":0,"comment_character_limit":0,"camera_config":{"camera_mode":"","supported_orientation":"","is_retry_enabled":"false","capture_button_display_text":"","retry_button_display_text":"","ok_button_display_text":"","enable_auto_capture":"false","enable_edge_detection":"false","enable_autofocus":"false"},"attachment":["",""],"field_character_limit":0,"has_comment":0,"additional_parameters":[{"parameter_type":"PromptDelete","value":"Are you sure want to delete File"},{"parameter_type":"PromptReplace","value":"are you sure want to replace your Field!"},{"parameter_type":"upload_label","value":"Upload"},{"parameter_type":"replace_label","value":"Replace"},{"parameter_type":"singleUploader","value":"true"},{"parameter_type":"selectFileText","value":"Browse File"},{"parameter_type":"download_label","value":"Download"},{"parameter_type":"preview_label","value":"View"},{"parameter_type":"remove_label","value":"Delete"}],"conditional_value":[],"custom_settings":{"Provider":"","signature_panel":""},"possible_value_type":"Options","request_api_key":"","seq":1,"response_api_key":"","menu_id":"","unique_id":"attachment_001","link_config":[],"placeholder_text":"","is_editable":1,"is_mandatory":0,"mapConfig":{"datasource":"","mapProvider":"","mapMarkerImage":"","zoom":false,"pan":false,"defaultZoom":0,"mapLabelApiKey":"","mapLatitudeApiKey":"","mapLongitudeApiKey":"","mapInfoLabel":"","mapLayers":""},"mandatory_condition":{"condition":[],"query":""},"editable_condition":{"condition":[],"query":""},"validation_regex":"","api_key":"","message_code":"","possible_values":["image/jpeg||1000|1|true|true","image/jpg||1000|1|true|true","image/png||2000|1|true|true","image/gif||2000|1|true|true"],"field_type":"Attachments","possible_value_api":"","display_condition":{"condition":[],"query":""},"field_style":{"bootstrap_class_name":"attachment-one col-6","custom_class_name":"","field_assets":[]},"field_values":[{"value":"","display_type":"","result_condition":{"display_step":""}}],"is_display":1,"repeatable_block_configuration":{"linked_block_id":"none","add_more_field_id":"none","remove_field_id":"none","add_more_field_label":"","remove_field_label":"","no_of_allowed_blocks":0}},{"field_class_name":"","possible_value_query":"","field_label":"Attachment ","tooltip":"","validation_messages":[{"type":"file_type","conditions":[],"query":"","display_type":"INLINE","message_code":"attachment_file_not_match"},{"type":"total_file_size","conditions":[],"query":"","display_type":"INLINE","message_code":"file_size_is_big"}],"event_list":[],"is_conditional_value":0,"comment_character_limit":0,"camera_config":{"camera_mode":"","supported_orientation":"","is_retry_enabled":"false","capture_button_display_text":"","retry_button_display_text":"","ok_button_display_text":"","enable_auto_capture":"false","enable_edge_detection":"false","enable_autofocus":"false"},"attachment":["",""],"field_character_limit":0,"has_comment":0,"additional_parameters":[{"parameter_type":"PromptDelete","value":"Are you sure want to delete File"},{"parameter_type":"upload_label","value":"Upload"},{"parameter_type":"selectFileText","value":"Please Select a File"},{"parameter_type":"download_label","value":"Download"},{"parameter_type":"preview_label","value":"View"},{"parameter_type":"remove_label","value":"Delete"}],"conditional_value":[],"custom_settings":{"Provider":"","signature_panel":""},"possible_value_type":"Options","request_api_key":"","seq":2,"response_api_key":"","menu_id":"","unique_id":"attachment_001_2","link_config":[],"placeholder_text":"","is_editable":1,"is_mandatory":0,"mapConfig":{"datasource":"","mapProvider":"","mapMarkerImage":"","zoom":false,"pan":false,"defaultZoom":0,"mapLabelApiKey":"","mapLatitudeApiKey":"","mapLongitudeApiKey":"","mapInfoLabel":"","mapLayers":""},"mandatory_condition":{"condition":[],"query":""},"editable_condition":{"condition":[],"query":""},"validation_regex":"","api_key":"","message_code":"","possible_values":["image/jpeg||1000|3|true|true","image/jpg||1000|3|true|true","image/png||2000|3|true|true"],"field_type":"Attachments","possible_value_api":"","display_condition":{"condition":[],"query":""},"field_style":{"bootstrap_class_name":"attachment-two col-6","custom_class_name":"","field_assets":[]},"field_values":[{"value":"","display_type":"","result_condition":{"display_step":""}}],"is_display":1,"repeatable_block_configuration":{"linked_block_id":"none","add_more_field_id":"none","remove_field_id":"none","add_more_field_label":"","remove_field_label":"","no_of_allowed_blocks":0}}],"additional_parameters":[],"section_id":"20_35046","base_api_path":"","section_name":"body-fields","section_style":{"font_color":"","font_name":"","background_image":{"font_color":"","asset_status":""},"background_color":"","bootstrap_class_name":"body-second","custom_class_name":"body-second_wrapper"},"section_class_name":"","conditional_mandatory":[{"condition":[],"query":""}],"conditional_visible":[{"condition":[],"query":""}],"conditional_editable":[{"condition":[],"query":""}],"events":[]},{"fields":[],"additional_parameters":[],"section_id":"30_35046","section_name":"toc","section_style":{"font_color":"","font_name":"","background_image":{"font_color":"","asset_status":""},"background_color":"","bootstrap_class_name":"right-first-section","custom_class_name":"boby-section-wrapper"},"section_class_name":"","conditional_mandatory":[{"condition":[],"query":""}],"conditional_visible":[{"condition":[],"query":""}],"conditional_editable":[{"condition":[],"query":""}],"events":[]}],"step_action":{"message_code":"","additional_parameters":[{"parameter_type":"stepBlocks","value":"header_002_34514|footer_001_34512"}]},"event_list":[],"step_style":{"background_color":"","background_image":{"path":"","asset_status":""},"resolution_unit":"","step_height":"","step_width":"","font_size":"","font_style":"","font_name":"","font_color":"","bootstrap_class_name":"","custom_class_name":"step-wrapper-class","header_footer_styling":{"header_view_description":{"desc":""},"footer_view_description":{"desc":""}}},"template":[],"dependency_condition":{"condition":[],"query":""},"meta_title":"","meta_description":""}