{"tid":"34955attachments","step_name":"Step_attachments","screen_name":"Step_attachments","step_api_url":"","description":"","display_as_modal":0,"dismiss_modal":0,"conditional":false,"section":[{"fields":[],"additional_parameters":[],"section_id":"2_34955attachments","base_api_path":"","section_name":"Sidebar-Sectionattachments","section_style":{"font_color":"","font_name":"","background_image":{"font_color":"","asset_status":""},"background_color":"","bootstrap_class_name":"progressbar progressbar-section col-2","custom_class_name":"progressbar-wrapper"},"section_class_name":"","conditional_mandatory":[{"condition":[],"query":""}],"conditional_visible":[{"condition":[],"query":""}],"conditional_editable":[{"condition":[],"query":""}],"events":[]},{"fields":[],"additional_parameters":[],"section_id":"5_34955attachments","base_api_path":"","section_name":"heading-sectionattachments","section_style":{"font_color":"","font_name":"","background_image":{"font_color":"","asset_status":""},"background_color":"","bootstrap_class_name":"Heading-section","custom_class_name":"heading-wrapper"},"section_class_name":"","conditional_mandatory":[{"condition":[],"query":""}],"conditional_visible":[{"condition":[],"query":""}],"conditional_editable":[{"condition":[],"query":""}],"events":[]},{"fields":[],"additional_parameters":[],"section_id":"10_34955attachments","section_name":"body-secondattachments","section_style":{"font_color":"","font_name":"","background_image":{"font_color":"","asset_status":""},"background_color":"","bootstrap_class_name":"body-second","custom_class_name":"body-second_wrapper"},"section_class_name":"","conditional_mandatory":[{"condition":[],"query":""}],"conditional_visible":[{"condition":[],"query":""}],"conditional_editable":[{"condition":[],"query":""}],"events":[]},{"fields":[],"additional_parameters":[],"section_id":"15_34955attachments","section_name":"Table of Content Section","section_style":{"font_color":"","font_name":"","background_image":{"font_color":"","asset_status":""},"background_color":"","bootstrap_class_name":"right-first-section","custom_class_name":"boby-section-wrapper"},"section_class_name":"","conditional_mandatory":[{"condition":[],"query":""}],"conditional_visible":[{"condition":[],"query":""}],"conditional_editable":[{"condition":[],"query":""}],"events":[]}],"step_action":{"message_code":"","additional_parameters":[{"parameter_type":"stepBlocks","value":"header_002_34514|footer_001_34512"}]},"event_list":[],"step_style":{"background_color":"","background_image":{"path":"","asset_status":""},"resolution_unit":"","step_height":"","step_width":"","font_size":"","font_style":"","font_name":"","font_color":"","bootstrap_class_name":"","custom_class_name":"step-wrapper-class","header_footer_styling":{"header_view_description":{"desc":""},"footer_view_description":{"desc":""}}},"template":[],"dependency_condition":{"condition":[],"query":""},"meta_title":"","meta_description":""}