{"tid":"34509","step_name":"Dashboard","screen_name":"Dashboard","step_api_url":"","description":"","display_as_modal":0,"dismiss_modal":0,"conditional":false,"section":[{"fields":[{"field_class_name":"heading-child-class ","possible_value_query":"","field_label":"<b><h2>CEEBIT</h2> </b> <h5 class=\"h5-text\">Capabilities</h5>","tooltip":"","validation_messages":[],"event_list":[],"is_conditional_value":0,"comment_character_limit":0,"camera_config":{"camera_mode":"","supported_orientation":"","is_retry_enabled":"false","capture_button_display_text":"","retry_button_display_text":"","ok_button_display_text":"","enable_auto_capture":"false","enable_edge_detection":"false","enable_autofocus":"false"},"attachment":["",""],"field_character_limit":0,"has_comment":0,"additional_parameters":[],"conditional_value":[],"custom_settings":{"Provider":"","signature_panel":""},"possible_value_type":"Options","request_api_key":"","seq":4,"response_api_key":"","menu_id":"","unique_id":"ceebit_capabilities_000001","link_config":[],"placeholder_text":"","is_editable":1,"is_mandatory":0,"mapConfig":{"datasource":"","mapProvider":"","mapMarkerImage":"","zoom":false,"pan":false,"defaultZoom":0,"mapLabelApiKey":"","mapLatitudeApiKey":"","mapLongitudeApiKey":"","mapInfoLabel":"","mapLayers":""},"mandatory_condition":{"condition":[],"query":""},"editable_condition":{"condition":[],"query":""},"validation_regex":"","api_key":"","message_code":"","possible_values":[],"field_type":"label","possible_value_api":"","display_condition":{"condition":[],"query":""},"field_style":{"bootstrap_class_name":"ceebit-heading-class-field ","custom_class_name":"heading-child-class ","field_assets":[]},"field_values":[],"is_display":1,"repeatable_block_configuration":{"linked_block_id":"","add_more_field_id":"","remove_field_id":"","add_more_field_label":"","remove_field_label":"","no_of_allowed_blocks":0}}],"additional_parameters":[],"section_id":"5_34509","base_api_path":"","section_name":"Section Heading","section_style":{"font_color":"","font_name":"","background_image":{"font_color":"","asset_status":""},"background_color":"","bootstrap_class_name":"section-heading ","custom_class_name":""},"section_class_name":"section-Heading","conditional_mandatory":[{"condition":[],"query":""}],"conditional_visible":[{"condition":[],"query":""}],"conditional_editable":[{"condition":[],"query":""}],"events":[]},{"fields":[{"field_class_name":"btn p-0 ","possible_value_query":"","field_label":"<div class=\"card shadow border-top\"> <div class=\"row g-0\"> <div class=\"col-md-6\"> <div class=\"card-body\"> <strong> <h5 class=\"card-title text-dark m-0\">Field</h5> </strong> <div class=\"m-0 text-dark\"> Types </div></div> </div> <div class=\"col-md-5 p-1 mx-sm-2\"> <img src=\"./assets/images/icon-field-types.jpg\" class=\"img-fluid rounded-start\" alt=\"...\"></div></div></div>","tooltip":"","validation_messages":[],"event_list":[{"event_id":"redirect_to_textfield_34513","event_params":[{"condition":[],"query":"","library_id":"","event_handler":"","event_config":{"display_step":"Text Field"},"invoke_event_config":{"additional_parameters":[],"callback_config":{}}}],"display_type":"Step","event_name":"OnClick","isDefault":true,"next_event_id":""}],"is_conditional_value":0,"comment_character_limit":0,"camera_config":{"camera_mode":"","supported_orientation":"","is_retry_enabled":"false","capture_button_display_text":"","retry_button_display_text":"","ok_button_display_text":"","enable_auto_capture":"false","enable_edge_detection":"false","enable_autofocus":"false"},"attachment":["",""],"field_character_limit":0,"has_comment":0,"additional_parameters":[],"conditional_value":[],"custom_settings":{"Provider":"","signature_panel":""},"possible_value_type":"Options","request_api_key":"","seq":0,"response_api_key":"","menu_id":"","unique_id":"field_tile","link_config":[],"placeholder_text":"","is_editable":1,"is_mandatory":0,"mapConfig":{"datasource":"","mapProvider":"","mapMarkerImage":"","zoom":false,"pan":false,"defaultZoom":0,"mapLabelApiKey":"","mapLatitudeApiKey":"","mapLongitudeApiKey":"","mapInfoLabel":"","mapLayers":""},"mandatory_condition":{"condition":[],"query":""},"editable_condition":{"condition":[],"query":""},"validation_regex":"","api_key":"","message_code":"","possible_values":[],"field_type":"Button","possible_value_api":"","display_condition":{"condition":[],"query":""},"field_style":{"bootstrap_class_name":"dashboard-card-class ","custom_class_name":"btn p-0 ","field_assets":[]},"field_values":[],"is_display":1,"repeatable_block_configuration":{"linked_block_id":"","add_more_field_id":"","remove_field_id":"","add_more_field_label":"","remove_field_label":"","no_of_allowed_blocks":0}},{"field_class_name":"btn p-0 ","possible_value_query":"","field_label":"<div class=\"card shadow border-top\"> <div class=\"row g-0\"> <div class=\"col-md-6\"> <div class=\"card-body\"> <strong> <h5 class=\"card-title text-dark m-0\">Events</h5> </strong> </div> </div> <div class=\"col-md-5 p-1 mx-sm-2\"> <img src=\"./assets/images/icon-events.jpg\" class=\"img-fluid rounded-start\" alt=\"...\"></div></div></div>","tooltip":"","validation_messages":[],"event_list":[],"is_conditional_value":0,"comment_character_limit":0,"camera_config":{"camera_mode":"","supported_orientation":"","is_retry_enabled":"false","capture_button_display_text":"","retry_button_display_text":"","ok_button_display_text":"","enable_auto_capture":"false","enable_edge_detection":"false","enable_autofocus":"false"},"attachment":["",""],"field_character_limit":0,"has_comment":0,"additional_parameters":[],"conditional_value":[],"custom_settings":{"Provider":"","signature_panel":""},"possible_value_type":"Options","request_api_key":"","seq":10,"response_api_key":"","menu_id":"","unique_id":"Events_tile","link_config":[],"placeholder_text":"","is_editable":1,"is_mandatory":0,"mapConfig":{"datasource":"","mapProvider":"","mapMarkerImage":"","zoom":false,"pan":false,"defaultZoom":0,"mapLabelApiKey":"","mapLatitudeApiKey":"","mapLongitudeApiKey":"","mapInfoLabel":"","mapLayers":""},"mandatory_condition":{"condition":[],"query":""},"editable_condition":{"condition":[],"query":""},"validation_regex":"","api_key":"","message_code":"","possible_values":[],"field_type":"Button","possible_value_api":"","display_condition":{"condition":[],"query":""},"field_style":{"bootstrap_class_name":"dashboard-card-class ","custom_class_name":"btn p-0 ","field_assets":[]},"field_values":[],"is_display":1,"repeatable_block_configuration":{"linked_block_id":"","add_more_field_id":"","remove_field_id":"","add_more_field_label":"","remove_field_label":"","no_of_allowed_blocks":0}},{"field_class_name":"btn p-0 ","possible_value_query":"","field_label":"<div class=\"card shadow border-top\"> <div class=\"row g-0\"> <div class=\"col-md-6\"> <div class=\"card-body\"> <strong> <h5 class=\"card-title text-dark m-0\">Block</h5> </strong> <div class=\"m-0 text-dark\"> Types </div> </div> </div> <div class=\"col-md-5 p-1 mx-sm-2\"> <img src=\"./assets/images/icon-block-types.jpg\" class=\"img-fluid rounded-start\" alt=\"...\"></div></div></div>","tooltip":"","validation_messages":[],"event_list":[],"is_conditional_value":0,"comment_character_limit":0,"camera_config":{"camera_mode":"","supported_orientation":"","is_retry_enabled":"false","capture_button_display_text":"","retry_button_display_text":"","ok_button_display_text":"","enable_auto_capture":"false","enable_edge_detection":"false","enable_autofocus":"false"},"attachment":["",""],"field_character_limit":0,"has_comment":0,"additional_parameters":[],"conditional_value":[],"custom_settings":{"Provider":"","signature_panel":""},"possible_value_type":"Options","request_api_key":"","seq":25,"response_api_key":"","menu_id":"","unique_id":"block_tile","link_config":[],"placeholder_text":"","is_editable":1,"is_mandatory":0,"mapConfig":{"datasource":"","mapProvider":"","mapMarkerImage":"","zoom":false,"pan":false,"defaultZoom":0,"mapLabelApiKey":"","mapLatitudeApiKey":"","mapLongitudeApiKey":"","mapInfoLabel":"","mapLayers":""},"mandatory_condition":{"condition":[],"query":""},"editable_condition":{"condition":[],"query":""},"validation_regex":"","api_key":"","message_code":"","possible_values":[],"field_type":"Button","possible_value_api":"","display_condition":{"condition":[],"query":""},"field_style":{"bootstrap_class_name":"dashboard-card-class ","custom_class_name":"btn p-0 ","field_assets":[]},"field_values":[],"is_display":1,"repeatable_block_configuration":{"linked_block_id":"","add_more_field_id":"","remove_field_id":"","add_more_field_label":"","remove_field_label":"","no_of_allowed_blocks":0}},{"field_class_name":"btn p-0 ","possible_value_query":"","field_label":"<div class=\"card shadow border-top\"> <div class=\"row g-0\"> <div class=\"col-md-6\"> <div class=\"card-body\"> <strong> <h5 class=\"card-title text-dark m-0\">Use Case</h5> </strong> <div class=\"m-0 text-dark\"> Implementation </div> </div> </div> <div class=\"col-md-5 p-1 mx-sm-2\"> <img src=\"./assets/images/icon-use-case-implementation.jpg\" class=\"img-fluid rounded-start\" alt=\"...\"></div></div></div>","tooltip":"","validation_messages":[],"event_list":[],"is_conditional_value":0,"comment_character_limit":0,"camera_config":{"camera_mode":"","supported_orientation":"","is_retry_enabled":"false","capture_button_display_text":"","retry_button_display_text":"","ok_button_display_text":"","enable_auto_capture":"false","enable_edge_detection":"false","enable_autofocus":"false"},"attachment":["",""],"field_character_limit":0,"has_comment":0,"additional_parameters":[],"conditional_value":[],"custom_settings":{"Provider":"","signature_panel":""},"possible_value_type":"Options","request_api_key":"","seq":26,"response_api_key":"","menu_id":"","unique_id":"Usecase_tile","link_config":[],"placeholder_text":"","is_editable":1,"is_mandatory":0,"mapConfig":{"datasource":"","mapProvider":"","mapMarkerImage":"","zoom":false,"pan":false,"defaultZoom":0,"mapLabelApiKey":"","mapLatitudeApiKey":"","mapLongitudeApiKey":"","mapInfoLabel":"","mapLayers":""},"mandatory_condition":{"condition":[],"query":""},"editable_condition":{"condition":[],"query":""},"validation_regex":"","api_key":"","message_code":"","possible_values":[],"field_type":"Button","possible_value_api":"","display_condition":{"condition":[],"query":""},"field_style":{"bootstrap_class_name":"dashboard-card-class ","custom_class_name":"btn p-0 ","field_assets":[]},"field_values":[],"is_display":1,"repeatable_block_configuration":{"linked_block_id":"","add_more_field_id":"","remove_field_id":"","add_more_field_label":"","remove_field_label":"","no_of_allowed_blocks":0}},{"field_class_name":"btn p-0 ","possible_value_query":"","field_label":"<div class=\"card shadow border-top\"> <div class=\"row g-0\"> <div class=\"col-md-6\"> <div class=\"card-body\"> <strong> <h5 class=\"card-title text-dark m-0\">Conditions</h5> </strong> </div> </div> <div class=\"col-md-5 p-1 mx-sm-2\"> <img src=\"./assets/images/icon-condition.jpg\" class=\"img-fluid rounded-start\" alt=\"...\"></div></div></div>","tooltip":"","validation_messages":[],"event_list":[],"is_conditional_value":0,"comment_character_limit":0,"camera_config":{"camera_mode":"","supported_orientation":"","is_retry_enabled":"false","capture_button_display_text":"","retry_button_display_text":"","ok_button_display_text":"","enable_auto_capture":"false","enable_edge_detection":"false","enable_autofocus":"false"},"attachment":["",""],"field_character_limit":0,"has_comment":0,"additional_parameters":[],"conditional_value":[],"custom_settings":{"Provider":"","signature_panel":""},"possible_value_type":"Options","request_api_key":"","seq":27,"response_api_key":"","menu_id":"","unique_id":"condition_tile","link_config":[],"placeholder_text":"","is_editable":1,"is_mandatory":0,"mapConfig":{"datasource":"","mapProvider":"","mapMarkerImage":"","zoom":false,"pan":false,"defaultZoom":0,"mapLabelApiKey":"","mapLatitudeApiKey":"","mapLongitudeApiKey":"","mapInfoLabel":"","mapLayers":""},"mandatory_condition":{"condition":[],"query":""},"editable_condition":{"condition":[],"query":""},"validation_regex":"","api_key":"","message_code":"","possible_values":[],"field_type":"Button","possible_value_api":"","display_condition":{"condition":[],"query":""},"field_style":{"bootstrap_class_name":"dashboard-card-class ","custom_class_name":"btn p-0 ","field_assets":[]},"field_values":[],"is_display":1,"repeatable_block_configuration":{"linked_block_id":"","add_more_field_id":"","remove_field_id":"","add_more_field_label":"","remove_field_label":"","no_of_allowed_blocks":0}},{"field_class_name":"btn p-0 ","possible_value_query":"","field_label":"<div class=\"card shadow border-top\"> <div class=\"row g-0\"> <div class=\"col-md-6\"> <div class=\"card-body\"> <strong> <h5 class=\"card-title text-dark m-0\">Progress</h5> </strong> <div class=\"m-0 text-dark\"> Bar </div> </div> </div> <div class=\"col-md-5 p-1 mx-sm-2\"> <img src=\"./assets/images/icon-progress-bar.jpg\" class=\"img-fluid rounded-start\" alt=\"...\"></div></div></div>","tooltip":"","validation_messages":[],"event_list":[],"is_conditional_value":0,"comment_character_limit":0,"camera_config":{"camera_mode":"","supported_orientation":"","is_retry_enabled":"false","capture_button_display_text":"","retry_button_display_text":"","ok_button_display_text":"","enable_auto_capture":"false","enable_edge_detection":"false","enable_autofocus":"false"},"attachment":["",""],"field_character_limit":0,"has_comment":0,"additional_parameters":[],"conditional_value":[],"custom_settings":{"Provider":"","signature_panel":""},"possible_value_type":"Options","request_api_key":"","seq":28,"response_api_key":"","menu_id":"","unique_id":"progress_bar_tile","link_config":[],"placeholder_text":"","is_editable":1,"is_mandatory":0,"mapConfig":{"datasource":"","mapProvider":"","mapMarkerImage":"","zoom":false,"pan":false,"defaultZoom":0,"mapLabelApiKey":"","mapLatitudeApiKey":"","mapLongitudeApiKey":"","mapInfoLabel":"","mapLayers":""},"mandatory_condition":{"condition":[],"query":""},"editable_condition":{"condition":[],"query":""},"validation_regex":"","api_key":"","message_code":"","possible_values":[],"field_type":"Button","possible_value_api":"","display_condition":{"condition":[],"query":""},"field_style":{"bootstrap_class_name":"dashboard-card-class ","custom_class_name":"btn p-0 ","field_assets":[]},"field_values":[],"is_display":1,"repeatable_block_configuration":{"linked_block_id":"","add_more_field_id":"","remove_field_id":"","add_more_field_label":"","remove_field_label":"","no_of_allowed_blocks":0}}],"additional_parameters":[],"section_id":"10_34509","base_api_path":"","api_key":"","section_name":"Body Button one","section_style":{"background_image":{},"bootstrap_class_name":"col-12 body-button-one ","custom_class_name":""},"section_class_name":"","conditional_mandatory":[{"condition":[],"query":""}],"conditional_visible":[{"condition":[],"query":""}],"conditional_editable":[{"condition":[],"query":""}],"events":[]},{"fields":[],"additional_parameters":[],"section_id":"15_34509","base_api_path":"","api_key":"","section_name":"Body Button two","section_style":{"background_image":{},"bootstrap_class_name":"col-12 body-button-two ","custom_class_name":""},"section_class_name":"","conditional_mandatory":[{"condition":[],"query":""}],"conditional_visible":[{"condition":[],"query":""}],"conditional_editable":[{"condition":[],"query":""}],"events":[]}],"step_action":{"message_code":"","additional_parameters":[{"parameter_type":"stepBlocks","value":"header_001_34511|footer_001_34512"}]},"event_list":[],"step_style":{"background_color":"","background_image":{"path":"","asset_status":""},"resolution_unit":"","step_height":"","step_width":"","font_size":"","font_style":"","font_name":"","font_color":"","bootstrap_class_name":"","custom_class_name":"","header_footer_styling":{"header_view_description":{"desc":""},"footer_view_description":{"desc":""}}},"template":[],"dependency_condition":{"condition":[],"query":""},"meta_title":"","meta_description":""}