{"tid":"34659","step_name":"Text Area","screen_name":"Text Area","step_api_url":"","description":"","display_as_modal":0,"dismiss_modal":0,"conditional":false,"section":[{"fields":[{"field_class_name":"","possible_value_query":"","field_label":"","tooltip":"","validation_messages":[],"event_list":[],"is_conditional_value":0,"comment_character_limit":0,"camera_config":{"camera_mode":"","supported_orientation":"","is_retry_enabled":"false","capture_button_display_text":"","retry_button_display_text":"","ok_button_display_text":"","enable_auto_capture":"false","enable_edge_detection":"false","enable_autofocus":"false"},"attachment":["",""],"field_character_limit":0,"has_comment":0,"additional_parameters":[{"parameter_type":"ProgressBlockId","value":"field_type_progress_bar"}],"conditional_value":[],"custom_settings":{"Provider":"","signature_panel":""},"possible_value_type":"Options","request_api_key":"","seq":5,"response_api_key":"","menu_id":"","unique_id":"progressblock_txt_area","link_config":[],"placeholder_text":"","is_editable":1,"is_mandatory":0,"mapConfig":{"datasource":"","mapProvider":"","mapMarkerImage":"","zoom":false,"pan":false,"defaultZoom":0,"mapLabelApiKey":"","mapLatitudeApiKey":"","mapLongitudeApiKey":"","mapInfoLabel":"","mapLayers":""},"mandatory_condition":{"condition":[],"query":""},"editable_condition":{"condition":[],"query":""},"validation_regex":"","api_key":"","message_code":"","possible_values":[],"field_type":"Generic Block","possible_value_api":"","display_condition":{"condition":[],"query":""},"field_style":{"bootstrap_class_name":"col-12","custom_class_name":"progess-class","field_assets":[]},"field_values":[{"value":"","display_type":"","result_condition":{"display_step":""}}],"is_display":1,"repeatable_block_configuration":{"linked_block_id":"none","add_more_field_id":"none","remove_field_id":"none","add_more_field_label":"","remove_field_label":"","no_of_allowed_blocks":0}}],"additional_parameters":[],"section_id":"5_34659","section_name":"Progress Bar Section","section_style":{"font_color":"","font_name":"","background_image":{"font_color":"","asset_status":""},"background_color":"","bootstrap_class_name":"progressbar progressbar-section","custom_class_name":"progressbar-wrapper"},"section_class_name":"","conditional_mandatory":[{"condition":[],"query":""}],"conditional_visible":[{"condition":[],"query":""}],"conditional_editable":[{"condition":[],"query":""}],"events":[]},{"fields":[{"field_class_name":"text-field-heading ","field_label":"Field Type: Text Area","tooltip":"","validation_messages":[],"event_list":[],"is_conditional_value":0,"comment_character_limit":0,"camera_config":{},"attachment":[],"field_character_limit":0,"has_comment":0,"additional_parameters":[],"conditional_value":[],"custom_settings":{"Provider":"","signature_panel":""},"possible_value_type":"Options","request_api_key":"","seq":5,"response_api_key":"","menu_id":"","unique_id":"txt_area_label_0000001","link_config":[],"placeholder_text":"","is_editable":1,"is_mandatory":0,"mapConfig":{"zoom":false,"pan":false,"defaultZoom":0},"mandatory_condition":{"condition":[],"query":""},"editable_condition":{"condition":[],"query":""},"message_code":"","possible_values":[],"field_type":"label","display_condition":{"condition":[],"query":""},"field_style":{"bootstrap_class_name":" col-12 ","custom_class_name":"text-field-heading "},"field_values":[],"is_display":1,"repeatable_block_configuration":{}},{"field_class_name":"col-12 text-field-usecase ","field_label":"The Textarea field type defines a multi-line text input control.","tooltip":"","validation_messages":[],"event_list":[],"is_conditional_value":0,"comment_character_limit":0,"camera_config":{},"attachment":[],"field_character_limit":0,"has_comment":0,"additional_parameters":[],"conditional_value":[],"custom_settings":{"Provider":"","signature_panel":""},"possible_value_type":"Options","request_api_key":"","seq":10,"response_api_key":"","menu_id":"","unique_id":"txt_area_label_1","link_config":[],"placeholder_text":"","is_editable":1,"is_mandatory":0,"mapConfig":{"zoom":false,"pan":false,"defaultZoom":0},"mandatory_condition":{"condition":[],"query":""},"editable_condition":{"condition":[],"query":""},"message_code":"","possible_values":[],"field_type":"label","display_condition":{"condition":[],"query":""},"field_style":{"bootstrap_class_name":" col-12 text-field-usecase ","custom_class_name":""},"field_values":[],"is_display":1,"repeatable_block_configuration":{}},{"field_class_name":"col-12 text-field-usecase ","field_label":"The Textarea element is often used in a form, to collect user inputs like comments or reviews.","tooltip":"","validation_messages":[],"event_list":[],"is_conditional_value":0,"comment_character_limit":0,"camera_config":{},"attachment":[],"field_character_limit":0,"has_comment":0,"additional_parameters":[],"conditional_value":[],"custom_settings":{"Provider":"","signature_panel":""},"possible_value_type":"Options","request_api_key":"","seq":15,"response_api_key":"","menu_id":"","unique_id":"txt_area_label_2","link_config":[],"placeholder_text":"","is_editable":1,"is_mandatory":0,"mapConfig":{"zoom":false,"pan":false,"defaultZoom":0},"mandatory_condition":{"condition":[],"query":""},"editable_condition":{"condition":[],"query":""},"message_code":"","possible_values":[],"field_type":"label","display_condition":{"condition":[],"query":""},"field_style":{"bootstrap_class_name":" col-12 text-field-usecase ","custom_class_name":""},"field_values":[],"is_display":1,"repeatable_block_configuration":{}},{"field_class_name":"col-12 text-field-usecase ","field_label":"A text area can hold an unlimited number of characters.","tooltip":"","validation_messages":[],"event_list":[],"is_conditional_value":0,"comment_character_limit":0,"camera_config":{},"attachment":[],"field_character_limit":0,"has_comment":0,"additional_parameters":[],"conditional_value":[],"custom_settings":{"Provider":"","signature_panel":""},"possible_value_type":"Options","request_api_key":"","seq":20,"response_api_key":"","menu_id":"","unique_id":"txt_area_label_3","link_config":[],"placeholder_text":"","is_editable":1,"is_mandatory":0,"mapConfig":{"zoom":false,"pan":false,"defaultZoom":0},"mandatory_condition":{"condition":[],"query":""},"editable_condition":{"condition":[],"query":""},"message_code":"","possible_values":[],"field_type":"label","display_condition":{"condition":[],"query":""},"field_style":{"bootstrap_class_name":" col-12 text-field-usecase ","custom_class_name":""},"field_values":[],"is_display":1,"repeatable_block_configuration":{}},{"field_class_name":"col-12 txt-area-style ","field_label":"<div><h6>Use Case:</h6><h6>Give your feedback here</h6></div>","tooltip":"","validation_messages":[],"event_list":[],"is_conditional_value":0,"comment_character_limit":0,"camera_config":{},"attachment":[],"field_character_limit":0,"has_comment":0,"additional_parameters":[],"conditional_value":[],"custom_settings":{"Provider":"","signature_panel":""},"possible_value_type":"Options","request_api_key":"","seq":25,"response_api_key":"","menu_id":"","unique_id":"txt_area_1","link_config":[],"placeholder_text":"","is_editable":1,"is_mandatory":0,"mapConfig":{"zoom":false,"pan":false,"defaultZoom":0},"mandatory_condition":{"condition":[],"query":""},"editable_condition":{"condition":[],"query":""},"message_code":"","possible_values":[],"field_type":"Textarea","display_condition":{"condition":[],"query":""},"field_style":{"bootstrap_class_name":" col-12 txt-area-style ","custom_class_name":""},"field_values":[],"is_display":1,"repeatable_block_configuration":{}}],"additional_parameters":[],"section_id":"10_34659","section_name":"Content Section","section_style":{"font_color":"","font_name":"","background_image":{"font_color":"","asset_status":""},"background_color":"","bootstrap_class_name":"body-second","custom_class_name":"body-second_wrapper"},"section_class_name":"","conditional_mandatory":[{"condition":[],"query":""}],"conditional_visible":[{"condition":[],"query":""}],"conditional_editable":[{"condition":[],"query":""}],"events":[]},{"fields":[{"field_class_name":"","possible_value_query":"","field_label":"","tooltip":"","validation_messages":[],"event_list":[],"is_conditional_value":0,"comment_character_limit":0,"camera_config":{"camera_mode":"","supported_orientation":"","is_retry_enabled":"false","capture_button_display_text":"","retry_button_display_text":"","ok_button_display_text":"","enable_auto_capture":"false","enable_edge_detection":"false","enable_autofocus":"false"},"attachment":["",""],"field_character_limit":0,"has_comment":0,"additional_parameters":[],"conditional_value":[],"custom_settings":{"Provider":"","signature_panel":""},"possible_value_type":"Options","request_api_key":"","seq":5,"response_api_key":"","menu_id":"","unique_id":"toc_00000001_01_1","link_config":[],"placeholder_text":"","is_editable":1,"is_mandatory":0,"mapConfig":{"datasource":"","mapProvider":"","mapMarkerImage":"","zoom":false,"pan":false,"defaultZoom":0,"mapLabelApiKey":"","mapLatitudeApiKey":"","mapLongitudeApiKey":"","mapInfoLabel":"","mapLayers":""},"mandatory_condition":{"condition":[],"query":""},"editable_condition":{"condition":[],"query":""},"validation_regex":"","api_key":"","possible_values":[],"field_type":"Generic Block","possible_value_api":"","display_condition":{"condition":[],"query":""},"field_style":{"bootstrap_class_name":"col-12","custom_class_name":"table-of-content ","field_assets":[]},"field_values":[{"value":"","display_type":"","result_condition":{"display_step":""}}],"is_display":1,"repeatable_block_configuration":{"linked_block_id":"none","add_more_field_id":"none","remove_field_id":"none","add_more_field_label":"","remove_field_label":"","no_of_allowed_blocks":0}}],"additional_parameters":[],"section_id":"15_34659","section_name":"Right Bar Section","section_style":{"font_color":"","font_name":"","background_image":{"font_color":"","asset_status":""},"background_color":"","bootstrap_class_name":"right-first-section","custom_class_name":"boby-section-wrapper"},"section_class_name":"","conditional_mandatory":[{"condition":[],"query":""}],"conditional_visible":[{"condition":[],"query":""}],"conditional_editable":[{"condition":[],"query":""}],"events":[]}],"step_action":{"message_code":"","additional_parameters":[{"parameter_type":"stepBlocks","value":"header_002_34514|footer_001_34512"}]},"event_list":[],"step_style":{"background_color":"","background_image":{"path":"","asset_status":""},"resolution_unit":"","step_height":"","step_width":"","font_size":"","font_style":"","font_name":"","font_color":"","bootstrap_class_name":"","custom_class_name":"","header_footer_styling":{"header_view_description":{"desc":""},"footer_view_description":{"desc":""}}},"template":[],"dependency_condition":{"condition":[],"query":""},"meta_title":"","meta_description":""}